{"\u0066\u006f\u0072\u006d\u0061\u0074\u005f\u0076\u0065\u0072\u0073\u0069\u006f\u006e":"\u0031\u002e\u0038\u002e\u0030","\u0061\u006e\u0069\u006d\u0061\u0074\u0069\u006f\u006e\u0073":{"\u0061\u006e\u0069\u006d\u0061\u0074\u0069\u006f\u006e\u002e\u006c\u006f\u006f\u0074\u005f\u0062\u0061\u0067\u002e\u0066\u0069\u0072\u0073\u0074\u005f\u0070\u0065\u0072\u0073\u006f\u006e\u005f\u0068\u006f\u006c\u0064":{"\u006c\u006f\u006f\u0070":true,"\u0062\u006f\u006e\u0065\u0073":{"\u0072\u006f\u006f\u0074\u005f\u0069\u0074\u0065\u006d":{"\u0072\u006f\u0074\u0061\u0074\u0069\u006f\u006e":[66,60,-60],"\u0070\u006f\u0073\u0069\u0074\u0069\u006f\u006e":[5,30,4]}}},"\u0061\u006e\u0069\u006d\u0061\u0074\u0069\u006f\u006e\u002e\u006c\u006f\u006f\u0074\u005f\u0062\u0061\u0067\u002e\u0074\u0068\u0069\u0072\u0064\u005f\u0070\u0065\u0072\u0073\u006f\u006e\u005f\u0068\u006f\u006c\u0064":{"\u006c\u006f\u006f\u0070":true,"\u0062\u006f\u006e\u0065\u0073":{"\u0072\u006f\u006f\u0074\u005f\u0069\u0074\u0065\u006d":{"\u0072\u006f\u0074\u0061\u0074\u0069\u006f\u006e":[72.51753,-0.85481,-2.34941],"\u0070\u006f\u0073\u0069\u0074\u0069\u006f\u006e":[0.4,17.8,3.5],"\u0073\u0063\u0061\u006c\u0065":0.7}}},"\u0061\u006e\u0069\u006d\u0061\u0074\u0069\u006f\u006e\u002e\u006c\u006f\u006f\u0074\u005f\u0062\u0061\u0067\u005f\u0062\u006f\u006f\u006b\u002e\u0066\u0069\u0072\u0073\u0074\u005f\u0070\u0065\u0072\u0073\u006f\u006e\u005f\u0068\u006f\u006c\u0064":{"\u006c\u006f\u006f\u0070":true,"\u0062\u006f\u006e\u0065\u0073":{"\u0072\u006f\u006f\u0074\u005f\u0069\u0074\u0065\u006d":{"\u0072\u006f\u0074\u0061\u0074\u0069\u006f\u006e":[61.29115,43.69215,-40.8171],"\u0070\u006f\u0073\u0069\u0074\u0069\u006f\u006e":[2.1,18.4,2.8]}}},"\u0061\u006e\u0069\u006d\u0061\u0074\u0069\u006f\u006e\u002e\u006c\u006f\u006f\u0074\u005f\u0062\u0061\u0067\u005f\u0062\u006f\u006f\u006b\u002e\u0074\u0068\u0069\u0072\u0064\u005f\u0070\u0065\u0072\u0073\u006f\u006e\u005f\u0068\u006f\u006c\u0064":{"\u006c\u006f\u006f\u0070":true,"\u0062\u006f\u006e\u0065\u0073":{"\u0072\u006f\u006f\u0074\u005f\u0069\u0074\u0065\u006d":{"\u0072\u006f\u0074\u0061\u0074\u0069\u006f\u006e":[-7.48247,-0.85481,-2.34941],"\u0070\u006f\u0073\u0069\u0074\u0069\u006f\u006e":[0.4,20.8,-4.5],"\u0073\u0063\u0061\u006c\u0065":0.7}}}}}